description,no_of_rooms,surface,no_of_bathrooms,partitioning,age,price,no_of_terraces,no_of_parking,user_id,city,county,title
Description 1,3,73,1,Semidecomandat,Nou,550,2,1,1,Cluj,Cluj-Napoca,Apartament 1
Description 2,2,75,1,Semidecomandat,Nou,420,1,1,1,Cluj,Cluj-Napoca,Apartament 2
Description 3,2,60,1,Decomandat,Vechi,330,1,0,1,Cluj,Cluj-Napoca,Apartament 3
Description 4,3,65,1,Semidecomandat,Nou,800,1,2,1,Cluj,Cluj-Napoca,Apartament 4
Description 5,2,45,1,Semidecomandat,Nou,360,1,1,1,Cluj,Cluj-Napoca,Apartament 5
Description 6,1,55,1,Decomandat,Nou,500,1,1,1,Cluj,Cluj-Napoca,Apartament 6
Description 7,2,45,1,Semidecomandat,Nou,500,1,1,1,Cluj,Cluj-Napoca,Apartament 7
Description 8,3,80,1,Semidecomandat,Nou,270,3,0,1,Cluj,Cluj-Napoca,Apartament 8
Description 9,3,70,2,Decomandat,Vechi,450,1,1,1,Cluj,Cluj-Napoca,Apartament 9
Description 10,3,70,1,Decomandat,Nou,390,1,1,1,Cluj,Cluj-Napoca,Apartament 10
Description 11,2,52,1,Semidecomandat,Vechi,400,1,1,1,Cluj,Cluj-Napoca,Apartament 11
Description 12,3,67,2,Semidecomandat,Vechi,520,2,1,1,Cluj,Cluj-Napoca,Apartament 12
Description 13,2,60,1,Semidecomandat,Nou,600,1,1,1,Cluj,Cluj-Napoca,Apartament 13
Description 14,2,38,1,Semidecomandat,Vechi,350,1,1,1,Cluj,Cluj-Napoca,Apartament 14
Description 15,3,65,1,Decomandat,Vechi,460,1,1,1,Cluj,Cluj-Napoca,Apartament 15
Description 16,3,67,1,Semidecomandat,Nou,350,1,1,1,Cluj,Cluj-Napoca,Apartament 16
Description 17,2,57,1,Semidecomandat,Vechi,480,1,1,1,Cluj,Cluj-Napoca,Apartament 17
Description 18,1,40,1,Decomandat,Nou,250,1,0,1,Cluj,Cluj-Napoca,Apartament 18
Description 19,2,48,1,Semidecomandat,Nou,280,1,0,1,Cluj,Cluj-Napoca,Apartament 19
Description 20,3,100,2,Semidecomandat,Nou,1800,1,3,1,Cluj,Cluj-Napoca,Apartament 20
Description 21,1,35,1,Decomandat,Nou,280,1,0,1,Cluj,Cluj-Napoca,Apartament 21
Description 22,2,60,1,Semidecomandat,Vechi,370,1,1,1,Cluj,Cluj-Napoca,Apartament 22
Description 23,3,60,1,Decomandat,Vechi,450,1,1,1,Cluj,Cluj-Napoca,Apartament 23
Description 24,2,52,1,Semidecomandat,Vechi,330,1,0,1,Cluj,Cluj-Napoca,Apartament 24
Description 25,2,52,1,Decomandat,Vechi,350,1,1,1,Cluj,Cluj-Napoca,Apartament 25
Description 26,3,60,1,Semidecomandat,Nou,280,2,0,1,Cluj,Cluj-Napoca,Apartament 26
Description 27,3,70,1,Decomandat,Nou,400,1,1,1,Cluj,Cluj-Napoca,Apartament 27
Description 28,2,43,1,Semidecomandat,Nou,350,1,1,1,Cluj,Cluj-Napoca,Apartament 28
Description 29,1,30,1,Decomandat,Vechi,220,1,0,1,Cluj,Cluj-Napoca,Apartament 29
Description 30,2,65,2,Decomandat,Nou,400,1,1,1,Cluj,Cluj-Napoca,Apartament 30
Description 31,2,65,1,Semidecomandat,Vechi,500,1,1,1,Cluj,Cluj-Napoca,Apartament 31
Description 32,4,70,1,Decomandat,Nou,600,1,1,1,Cluj,Cluj-Napoca,Apartament 32
Description 33,2,55,1,Decomandat,Vechi,400,1,1,1,Cluj,Cluj-Napoca,Apartament 33
Description 34,3,75,2,Semidecomandat,Nou,450,1,1,1,Cluj,Cluj-Napoca,Apartament 34
Description 35,2,54,1,Semidecomandat,Nou,400,1,1,1,Cluj,Cluj-Napoca,Apartament 35
Description 36,2,55,1,Semidecomandat,Nou,200,1,0,1,Cluj,Cluj-Napoca,Apartament 36
Description 37,2,69,1,Decomandat,Vechi,250,2,0,1,Cluj,Cluj-Napoca,Apartament 37
Description 38,3,86,1,Semidecomandat,Nou,590,1,1,1,Cluj,Cluj-Napoca,Apartament 38
Description 39,3,90,2,Decomandat,Nou,1100,1,2,1,Cluj,Cluj-Napoca,Apartament 39
Description 40,2,68,1,Semidecomandat,Semidecomandat,300,1,0,1,Cluj,Cluj-Napoca,Apartament 40
Description 41,2,71,1,Decomandat,Decomandat,400,1,1,1,Cluj,Cluj-Napoca,Apartament 41
Description 42,2,60,1,Decomandat,Vechi,600,1,1,1,Cluj,Cluj-Napoca,Apartament 42
Description 43,2,40,1,Semidecomandat,Vechi,280,1,0,1,Cluj,Cluj-Napoca,Apartament 43
Description 44,2,56,1,Decomandat,Decomandat,500,1,1,1,Cluj,Cluj-Napoca,Apartament 44
Description 45,2,60,1,Decomandat,Vechi,450,1,1,1,Cluj,Cluj-Napoca,Apartament 45
Description 46,3,69,1,Decomandat,Nou,400,1,1,1,Cluj,Cluj-Napoca,Apartament 46
Description 47,2,50,1,Decomandat,Nou,320,1,0,1,Cluj,Cluj-Napoca,Apartament 47
Description 48,3,65,1,Semidecomandat,Semidecomandat,550,1,1,1,Cluj,Cluj-Napoca,Apartament 48
Description 49,3,62,1,Semidecomandat,Nou,330,1,0,1,Cluj,Cluj-Napoca,Apartament 49
Description 50,4,80,1,Decomandat,Nou,300,1,0,1,Cluj,Cluj-Napoca,Apartament 50
Description 51,3,70,1,Semidecomandat,Semidecomandat,430,2,1,1,Cluj,Cluj-Napoca,Apartament 51
Description 52,2,52,1,Decomandat,Nou,300,1,0,1,Cluj,Cluj-Napoca,Apartament 52
Description 53,3,60,1,Semidecomandat,Nou,450,2,1,1,Cluj,Cluj-Napoca,Apartament 53
Description 54,3,67,1,Semidecomandat,Vechi,290,1,0,1,Cluj,Cluj-Napoca,Apartament 54
Description 55,2,65,1,Semidecomandat,Nou,420,2,1,1,Cluj,Cluj-Napoca,Apartament 55
Description 56,3,76,1,Decomandat,Vechi,360,1,1,1,Cluj,Cluj-Napoca,Apartament 56
Description 57,1,42,1,Decomandat,Vechi,280,1,0,1,Cluj,Cluj-Napoca,Apartament 57
Description 58,2,45,1,Semidecomandat,Nou,300,2,0,1,Cluj,Cluj-Napoca,Apartament 58
Description 59,3,62,1,Semidecomandat,Nou,350,1,1,1,Cluj,Cluj-Napoca,Apartament 59
Description 60,2,65,1,Semidecomandat,Nou,530,1,1,1,Cluj,Cluj-Napoca,Apartament 60
Description 61,2,52,1,Semidecomandat,Nou,330,2,0,1,Cluj,Cluj-Napoca,Apartament 61
Description 62,1,45,1,Decomandat,Nou,300,1,0,1,Cluj,Cluj-Napoca,Apartament 62
Description 63,1,56,1,Semidecomandat,Nou,450,1,1,1,Cluj,Cluj-Napoca,Apartament 63
Description 64,3,100,2,Semidecomandat,Nou,700,1,2,1,Cluj,Cluj-Napoca,Apartament 64
Description 65,3,85,2,Semidecomandat,Nou,1050,1,2,1,Cluj,Cluj-Napoca,Apartament 65
Description 66,3,73,2,Semidecomandat,Nou,800,2,2,1,Cluj,Cluj-Napoca,Apartament 66
Description 67,1,26,1,Decomandat,Vechi,200,1,0,1,Cluj,Cluj-Napoca,Apartament 67
Description 68,2,50,1,Semidecomandat,Vechi,450,2,1,1,Cluj,Cluj-Napoca,Apartament 68
Description 69,3,75,1,Decomandat,Vechi,370,1,1,1,Cluj,Cluj-Napoca,Apartament 69
Description 70,3,70,1,Semidecomandat,Nou,350,2,1,1,Cluj,Cluj-Napoca,Apartament 70
Description 71,3,70,2,Decomandat,Vechi,380,2,1,1,Cluj,Cluj-Napoca,Apartament 71
Description 72,2,52,1,Semidecomandat,Nou,500,1,1,1,Cluj,Cluj-Napoca,Apartament 72
Description 73,1,42,1,Semidecomandat,Nou,350,1,1,1,Cluj,Cluj-Napoca,Apartament 73
Description 74,2,42,1,Semidecomandat,Nou,460,2,1,1,Cluj,Cluj-Napoca,Apartament 74
Description 75,1,17,1,Semidecomandat,Vechi,200,1,0,1,Cluj,Cluj-Napoca,Apartament 75
Description 76,2,70,1,Semidecomandat,Nou,599,1,1,1,Cluj,Cluj-Napoca,Apartament 76
Description 77,2,50,1,Decomandat,Vechi,350,2,1,1,Cluj,Cluj-Napoca,Apartament 77
Description 78,2,60,1,Semidecomandat,Semidecomandat,350,1,1,1,Cluj,Cluj-Napoca,Apartament 78
Description 79,1,40,1,Decomandat,Decomandat,225,1,0,1,Cluj,Cluj-Napoca,Apartament 79
Description 80,4,94,2,Decomandat,Nou,500,2,1,1,Cluj,Cluj-Napoca,Apartament 80
Description 81,2,50,1,Semidecomandat,Nou,400,1,1,1,Cluj,Cluj-Napoca,Apartament 81
Description 82,3,180,2,Semidecomandat,Nou,999,2,2,1,Cluj,Cluj-Napoca,Apartament 82
Description 83,3,71,2,Semidecomandat,Nou,580,1,1,1,Cluj,Cluj-Napoca,Apartament 83
Description 84,3,72,2,Decomandat,Vechi,500,2,1,1,Cluj,Cluj-Napoca,Apartament 84
Description 85,3,62,1,Semidecomandat,Nou,450,1,1,1,Cluj,Cluj-Napoca,Apartament 85
Description 86,3,40,1,Semidecomandat,Vechi,350,1,1,1,Cluj,Cluj-Napoca,Apartament 86
Description 87,5,170,2,Semidecomandat,Nou,650,1,1,1,Cluj,Cluj-Napoca,Apartament 87
Description 88,2,50,1,Decomandat,Vechi,330,1,0,1,Cluj,Cluj-Napoca,Apartament 88
Description 89,3,70,2,Decomandat,Vechi,470,2,1,1,Cluj,Cluj-Napoca,Apartament 89
Description 90,3,80,1,Decomandat,Vechi,350,1,1,1,Cluj,Cluj-Napoca,Apartament 90
Description 91,3,71,1,Decomandat,Nou,430,2,1,1,Cluj,Cluj-Napoca,Apartament 91
Description 92,1,30,1,Semidecomandat,Vechi,240,1,0,1,Cluj,Cluj-Napoca,Apartament 92
Description 93,2,58,1,Decomandat,Nou,380,2,1,1,Cluj,Cluj-Napoca,Apartament 93
Description 94,2,42,1,Semidecomandat,Vechi,260,1,0,1,Cluj,Cluj-Napoca,Apartament 94
Description 95,2,45,1,Decomandat,Vechi,280,1,0,1,Cluj,Cluj-Napoca,Apartament 95
Description 96,2,45,1,Semidecomandat,Vechi,475,1,1,1,Cluj,Cluj-Napoca,Apartament 96
Description 97,1,18,1,Decomandat,Nou,180,1,0,1,Cluj,Cluj-Napoca,Apartament 97
Description 98,3,85,2,Decomandat,Vechi,530,2,1,1,Cluj,Cluj-Napoca,Apartament 98
Description 99,1,25,1,Semidecomandat,Nou,185,1,0,1,Cluj,Cluj-Napoca,Apartament 99
Description 100,2,60,1,Decomandat,Vechi,320,2,0,1,Cluj,Cluj-Napoca,Apartament 100
Description 101,2,56,1,Decomandat,Vechi,360,1,1,1,Cluj,Cluj-Napoca,Apartament 101
Description 102,1,28,1,Decomandat,Vechi,190,1,0,1,Cluj,Cluj-Napoca,Apartament 102
Description 103,3,85,1,Semidecomandat,Vechi,900,1,2,1,Cluj,Cluj-Napoca,Apartament 103
Description 104,2,52,1,Decomandat,Vechi,300,1,0,1,Cluj,Cluj-Napoca,Apartament 104
Description 105,2,60,1,Semidecomandat,Nou,400,1,1,1,Cluj,Cluj-Napoca,Apartament 105
Description 106,3,74,1,Semidecomandat,Nou,350,1,1,1,Cluj,Cluj-Napoca,Apartament 106
Description 107,3,85,1,Semidecomandat,Nou,500,1,1,1,Cluj,Cluj-Napoca,Apartament 107
Description 108,3,70,2,Decomandat,Nou,545,2,1,1,Cluj,Cluj-Napoca,Apartament 108
Description 109,2,58,1,Semidecomandat,Nou,200,1,0,1,Cluj,Cluj-Napoca,Apartament 109
Description 110,1,44,1,Decomandat,Nou,330,1,0,1,Cluj,Cluj-Napoca,Apartament 110
Description 111,4,64,1,Semidecomandat,Nou,250,1,0,1,Cluj,Cluj-Napoca,Apartament 111
Description 112,2,47,1,Semidecomandat,Nou,750,1,2,1,Cluj,Cluj-Napoca,Apartament 112
Description 113,2,67,1,Decomandat,Nou,460,1,1,1,Cluj,Cluj-Napoca,Apartament 113
Description 114,3,68,1,Semidecomandat,Nou,800,2,2,1,Cluj,Cluj-Napoca,Apartament 114
Description 115,4,110,2,Semidecomandat,Nou,1700,3,3,1,Cluj,Cluj-Napoca,Apartament 115
Description 116,2,64,1,Decomandat,Vechi,420,2,1,1,Cluj,Cluj-Napoca,Apartament 116
Description 117,2,46,1,Semidecomandat,Nou,580,2,1,1,Cluj,Cluj-Napoca,Apartament 117
Description 118,3,78,2,Decomandat,Vechi,480,2,1,1,Cluj,Cluj-Napoca,Apartament 118
Description 119,3,75,2,Semidecomandat,Vechi,800,1,2,1,Cluj,Cluj-Napoca,Apartament 119
Description 120,3,85,2,Semidecomandat,Vechi,999,2,2,1,Cluj,Cluj-Napoca,Apartament 120
Description 121,2,55,1,Decomandat,Vechi,260,1,0,1,Cluj,Cluj-Napoca,Apartament 121
Description 122,2,31,1,Semidecomandat,Vechi,300,1,0,1,Cluj,Cluj-Napoca,Apartament 122
Description 123,2,55,1,Semidecomandat,Vechi,450,1,1,1,Cluj,Cluj-Napoca,Apartament 123
Description 124,2,60,1,Decomandat,Nou,500,1,1,1,Cluj,Cluj-Napoca,Apartament 124
Description 125,1,44,1,Decomandat,Nou,270,1,0,1,Cluj,Cluj-Napoca,Apartament 125
Description 126,2,41,1,Decomandat,Decomandat,399,1,1,1,Cluj,Cluj-Napoca,Apartament 126
Description 127,2,55,1,Decomandat,Nou,400,1,1,1,Cluj,Cluj-Napoca,Apartament 127
Description 128,3,60,1,Decomandat,Vechi,400,1,1,1,Cluj,Cluj-Napoca,Apartament 128
Description 129,1,22,1,Semidecomandat,Vechi,250,1,0,1,Cluj,Cluj-Napoca,Apartament 129
Description 130,3,65,2,Semidecomandat,Nou,390,1,1,1,Cluj,Cluj-Napoca,Apartament 130
Description 131,3,65,1,Decomandat,Nou,700,2,2,1,Cluj,Cluj-Napoca,Apartament 131
Description 132,1,42,1,Semidecomandat,Nou,250,1,0,1,Cluj,Cluj-Napoca,Apartament 132
Description 133,2,35,1,Semidecomandat,Nou,250,1,0,1,Cluj,Cluj-Napoca,Apartament 133
Description 134,2,50,1,Semidecomandat,Vechi,350,1,1,1,Cluj,Cluj-Napoca,Apartament 134
Description 135,3,75,2,Semidecomandat,Vechi,630,1,1,1,Cluj,Cluj-Napoca,Apartament 135
Description 136,3,77,2,Decomandat,Vechi,400,2,1,1,Cluj,Cluj-Napoca,Apartament 136
Description 137,3,70,2,Decomandat,Vechi,500,1,1,1,Cluj,Cluj-Napoca,Apartament 137
Description 138,2,50,1,Decomandat,Nou,500,2,1,1,Cluj,Cluj-Napoca,Apartament 138
Description 139,1,24,1,Semidecomandat,Vechi,170,1,0,1,Cluj,Cluj-Napoca,Apartament 139
Description 140,3,67,1,Semidecomandat,Vechi,650,2,1,1,Cluj,Cluj-Napoca,Apartament 140
Description 141,3,68,2,Decomandat,Vechi,470,1,1,1,Cluj,Cluj-Napoca,Apartament 141
Description 142,3,83,1,Semidecomandat,Nou,300,3,0,1,Cluj,Cluj-Napoca,Apartament 142
Description 143,2,50,1,Decomandat,Vechi,320,1,0,1,Cluj,Cluj-Napoca,Apartament 143
Description 144,1,30,1,Decomandat,Nou,250,1,0,1,Cluj,Cluj-Napoca,Apartament 144
Description 145,2,57,1,Semidecomandat,Vechi,550,1,1,1,Cluj,Cluj-Napoca,Apartament 145
Description 146,3,90,1,Semidecomandat,Nou,400,1,1,1,Cluj,Cluj-Napoca,Apartament 146
Description 147,3,72,1,Semidecomandat,Nou,550,2,1,1,Cluj,Cluj-Napoca,Apartament 147
Description 148,2,50,1,Decomandat,Nou,350,1,1,1,Cluj,Cluj-Napoca,Apartament 148
Description 149,1,42,1,Decomandat,Nou,240,1,0,1,Cluj,Cluj-Napoca,Apartament 149
Description 150,1,45,1,Decomandat,Vechi,350,1,1,1,Cluj,Cluj-Napoca,Apartament 150
Description 151,3,60,1,Semidecomandat,Vechi,550,1,1,1,Cluj,Cluj-Napoca,Apartament 151
Description 152,2,58,1,Decomandat,Vechi,350,1,1,1,Cluj,Cluj-Napoca,Apartament 152
Description 153,3,70,1,Decomandat,Nou,380,1,1,1,Cluj,Cluj-Napoca,Apartament 153
Description 154,3,70,1,Semidecomandat,Vechi,350,1,1,1,Cluj,Cluj-Napoca,Apartament 154
Description 155,2,60,1,Semidecomandat,Nou,400,1,1,1,Cluj,Cluj-Napoca,Apartament 155
Description 156,3,65,2,Decomandat,Vechi,420,2,1,1,Cluj,Cluj-Napoca,Apartament 156
Description 157,2,60,1,Decomandat,Nou,390,2,1,1,Cluj,Cluj-Napoca,Apartament 157
Description 158,2,50,1,Semidecomandat,Vechi,380,1,1,1,Cluj,Cluj-Napoca,Apartament 158
Description 159,1,50,1,Semidecomandat,Nou,270,1,0,1,Cluj,Cluj-Napoca,Apartament 159
Description 160,4,85,2,Decomandat,Decomandat,400,1,1,1,Cluj,Cluj-Napoca,Apartament 160
Description 161,3,57,1,Semidecomandat,Semidecomandat,550,1,1,1,Cluj,Cluj-Napoca,Apartament 161
Description 162,3,67,1,Decomandat,Nou,450,1,1,1,Cluj,Cluj-Napoca,Apartament 162
Description 163,2,60,1,Semidecomandat,Semidecomandat,450,1,1,1,Cluj,Cluj-Napoca,Apartament 163
Description 164,2,56,1,Decomandat,Decomandat,420,1,1,1,Cluj,Cluj-Napoca,Apartament 164
Description 165,2,45,1,Semidecomandat,Vechi,350,1,1,1,Cluj,Cluj-Napoca,Apartament 165
Description 166,2,60,1,Decomandat,Vechi,350,1,1,1,Cluj,Cluj-Napoca,Apartament 166
Description 167,2,45,1,Semidecomandat,Vechi,230,1,0,1,Cluj,Cluj-Napoca,Apartament 167
Description 168,2,45,1,Semidecomandat,Nou,600,2,1,1,Cluj,Cluj-Napoca,Apartament 168
Description 169,2,45,1,Vechi,Vechi,350,1,1,1,Cluj,Cluj-Napoca,Apartament 169
Description 170,3,58,1,Semidecomandat,Vechi,320,1,0,1,Cluj,Cluj-Napoca,Apartament 170
Description 171,2,40,1,Decomandat,Vechi,350,1,1,1,Cluj,Cluj-Napoca,Apartament 171
Description 172,2,64,1,Decomandat,Vechi,330,1,0,1,Cluj,Cluj-Napoca,Apartament 172
Description 173,3,80,2,Decomandat,Vechi,450,1,1,1,Cluj,Cluj-Napoca,Apartament 173
Description 174,3,100,2,Semidecomandat,Vechi,430,2,1,1,Cluj,Cluj-Napoca,Apartament 174
Description 175,2,50,1,Semidecomandat,Vechi,300,1,0,1,Cluj,Cluj-Napoca,Apartament 175
Description 176,3,48,1,Semidecomandat,Vechi,300,1,0,1,Cluj,Cluj-Napoca,Apartament 176
Description 177,3,76,2,Decomandat,Vechi,380,1,1,1,Cluj,Cluj-Napoca,Apartament 177
Description 178,2,50,1,Decomandat,Vechi,380,1,1,1,Cluj,Cluj-Napoca,Apartament 178
Description 179,1,30,1,Semidecomandat,Nou,250,1,0,1,Cluj,Cluj-Napoca,Apartament 179
Description 180,3,75,1,Decomandat,Vechi,350,2,1,1,Cluj,Cluj-Napoca,Apartament 180
Description 181,3,75,2,Decomandat,Vechi,450,1,1,1,Cluj,Cluj-Napoca,Apartament 181
Description 182,3,75,1,Decomandat,Nou,550,1,1,1,Cluj,Cluj-Napoca,Apartament 182
Description 183,3,75,2,Semidecomandat,Nou,850,1,2,1,Cluj,Cluj-Napoca,Apartament 183
Description 184,2,50,1,Decomandat,Vechi,350,1,1,1,Cluj,Cluj-Napoca,Apartament 184
Description 185,1,40,1,Decomandat,Vechi,470,2,1,1,Cluj,Cluj-Napoca,Apartament 185
Description 186,4,82,2,Decomandat,Vechi,430,1,1,1,Cluj,Cluj-Napoca,Apartament 186
Description 187,1,37,1,Decomandat,Nou,190,1,0,1,Cluj,Cluj-Napoca,Apartament 187
Description 188,2,40,1,Decomandat,Vechi,350,1,1,1,Cluj,Cluj-Napoca,Apartament 188
Description 189,3,80,1,Semidecomandat,Nou,360,1,1,1,Cluj,Cluj-Napoca,Apartament 189
Description 190,5,150,1,Semidecomandat,Nou,750,2,2,1,Cluj,Cluj-Napoca,Apartament 190
Description 191,3,70,2,Decomandat,Vechi,390,1,1,1,Cluj,Cluj-Napoca,Apartament 191
Description 192,2,70,1,Semidecomandat,Nou,650,2,1,1,Cluj,Cluj-Napoca,Apartament 192
Description 193,2,71,1,Semidecomandat,Nou,500,1,1,1,Cluj,Cluj-Napoca,Apartament 193
Description 194,3,62,1,Semidecomandat,Nou,450,1,1,1,Cluj,Cluj-Napoca,Apartament 194
Description 195,1,25,1,Decomandat,Vechi,250,1,0,1,Cluj,Cluj-Napoca,Apartament 195
Description 196,2,122,2,Semidecomandat,Nou,1000,2,2,1,Cluj,Cluj-Napoca,Apartament 196
Description 197,1,32,1,Decomandat,Vechi,330,1,0,1,Cluj,Cluj-Napoca,Apartament 197
Description 198,2,45,1,Semidecomandat,Vechi,450,1,1,1,Cluj,Cluj-Napoca,Apartament 198
Description 199,3,66,2,Decomandat,Nou,500,1,1,1,Cluj,Cluj-Napoca,Apartament 199
Description 200,1,38,1,Decomandat,Vechi,225,1,0,1,Cluj,Cluj-Napoca,Apartament 200
Description 201,2,50,1,Semidecomandat,Nou,400,1,1,1,Cluj,Cluj-Napoca,Apartament 201
Description 202,3,54,1,Semidecomandat,Vechi,490,1,1,1,Cluj,Cluj-Napoca,Apartament 202
Description 203,3,67,1,Semidecomandat,Vechi,350,1,1,1,Cluj,Cluj-Napoca,Apartament 203
Description 204,1,26,1,Decomandat,Vechi,200,1,0,1,Cluj,Cluj-Napoca,Apartament 204
Description 205,4,85,2,Decomandat,Nou,550,2,1,1,Cluj,Cluj-Napoca,Apartament 205
Description 206,4,120,2,Semidecomandat,Vechi,1300,2,2,1,Cluj,Cluj-Napoca,Apartament 206
Description 207,2,64,1,Decomandat,Nou,800,1,2,1,Cluj,Cluj-Napoca,Apartament 207
Description 208,3,56,1,Semidecomandat,Vechi,300,1,0,1,Cluj,Cluj-Napoca,Apartament 208
Description 209,2,56,1,Semidecomandat,Nou,400,1,1,1,Cluj,Cluj-Napoca,Apartament 209
Description 210,3,75,1,Decomandat,Vechi,400,1,1,1,Cluj,Cluj-Napoca,Apartament 210
Description 211,1,25,1,Semidecomandat,Nou,275,1,0,1,Cluj,Cluj-Napoca,Apartament 211
Description 212,3,80,1,Decomandat,Vechi,400,2,1,1,Cluj,Cluj-Napoca,Apartament 212
Description 213,2,40,1,Decomandat,Vechi,300,1,0,1,Cluj,Cluj-Napoca,Apartament 213
Description 214,3,75,2,Semidecomandat,Nou,950,2,2,1,Cluj,Cluj-Napoca,Apartament 214
Description 215,1,33,1,Decomandat,Vechi,300,1,0,1,Cluj,Cluj-Napoca,Apartament 215
Description 216,1,28,1,Decomandat,Vechi,250,1,0,1,Cluj,Cluj-Napoca,Apartament 216
Description 217,2,30,1,Semidecomandat,Vechi,250,1,0,1,Cluj,Cluj-Napoca,Apartament 217
Description 218,2,55,1,Semidecomandat,Nou,570,1,1,1,Cluj,Cluj-Napoca,Apartament 218
Description 219,2,45,1,Semidecomandat,Vechi,180,1,0,1,Cluj,Cluj-Napoca,Apartament 219
Description 220,1,24,1,Decomandat,Vechi,210,1,0,1,Cluj,Cluj-Napoca,Apartament 220
Description 221,3,87,2,Semidecomandat,Nou,630,2,1,1,Cluj,Cluj-Napoca,Apartament 221
Description 222,2,45,1,Semidecomandat,Nou,300,1,0,1,Cluj,Cluj-Napoca,Apartament 222
Description 223,1,35,1,Semidecomandat,Nou,200,1,0,1,Cluj,Cluj-Napoca,Apartament 223
Description 224,2,65,1,Decomandat,Vechi,360,1,1,1,Cluj,Cluj-Napoca,Apartament 224
Description 225,3,72,1,Decomandat,Vechi,400,1,1,1,Cluj,Cluj-Napoca,Apartament 225
Description 226,3,70,2,Semidecomandat,Nou,630,1,1,1,Cluj,Cluj-Napoca,Apartament 226
Description 227,2,90,1,Semidecomandat,Nou,650,1,1,1,Cluj,Cluj-Napoca,Apartament 227
Description 228,2,55,1,Semidecomandat,Nou,400,1,1,1,Cluj,Cluj-Napoca,Apartament 228
Description 229,3,80,1,Semidecomandat,Nou,800,2,2,1,Cluj,Cluj-Napoca,Apartament 229
Description 230,1,30,1,Semidecomandat,Nou,240,1,0,1,Cluj,Cluj-Napoca,Apartament 230
Description 231,3,64,2,Semidecomandat,Nou,550,2,1,1,Cluj,Cluj-Napoca,Apartament 231
Description 232,1,28,1,Decomandat,Vechi,280,1,0,1,Cluj,Cluj-Napoca,Apartament 232
Description 233,2,54,1,Decomandat,Nou,430,1,1,1,Cluj,Cluj-Napoca,Apartament 233
Description 234,3,65,1,Decomandat,Vechi,300,1,0,1,Cluj,Cluj-Napoca,Apartament 234
Description 235,2,51,1,Semidecomandat,Vechi,550,1,1,1,Cluj,Cluj-Napoca,Apartament 235
Description 236,2,52,1,Semidecomandat,Vechi,430,2,1,1,Cluj,Cluj-Napoca,Apartament 236
Description 237,1,28,1,Decomandat,Nou,250,1,0,1,Cluj,Cluj-Napoca,Apartament 237
Description 238,2,60,1,Semidecomandat,Vechi,300,1,0,1,Cluj,Cluj-Napoca,Apartament 238
Description 239,2,55,1,Decomandat,Vechi,350,1,1,1,Cluj,Cluj-Napoca,Apartament 239
Description 240,3,60,1,Semidecomandat,Vechi,300,1,0,1,Cluj,Cluj-Napoca,Apartament 240
Description 241,3,75,2,Semidecomandat,Vechi,600,2,1,1,Cluj,Cluj-Napoca,Apartament 241
Description 242,2,65,2,Decomandat,Vechi,350,1,1,1,Cluj,Cluj-Napoca,Apartament 242
Description 243,3,70,2,Decomandat,Nou,450,1,1,1,Cluj,Cluj-Napoca,Apartament 243
Description 244,1,37,1,Decomandat,Vechi,390,1,1,1,Cluj,Cluj-Napoca,Apartament 244
Description 245,3,100,2,Semidecomandat,Nou,700,2,2,1,Cluj,Cluj-Napoca,Apartament 245
Description 246,3,67,1,Semidecomandat,Vechi,300,1,0,1,Cluj,Cluj-Napoca,Apartament 246
Description 247,2,60,1,Semidecomandat,Nou,680,2,1,1,Cluj,Cluj-Napoca,Apartament 247
Description 248,3,70,2,Decomandat,Nou,430,1,1,1,Cluj,Cluj-Napoca,Apartament 248
Description 249,1,30,1,Decomandat,Vechi,230,1,0,1,Cluj,Cluj-Napoca,Apartament 249
Description 250,2,45,1,Semidecomandat,Vechi,430,1,1,1,Cluj,Cluj-Napoca,Apartament 250
Description 251,2,55,1,Decomandat,Nou,390,1,1,1,Cluj,Cluj-Napoca,Apartament 251
Description 252,2,48,1,Semidecomandat,Vechi,185,1,0,1,Cluj,Cluj-Napoca,Apartament 252
Description 253,2,60,1,Semidecomandat,Vechi,300,1,0,1,Cluj,Cluj-Napoca,Apartament 253
Description 254,1,35,1,Decomandat,Nou,220,1,0,1,Cluj,Cluj-Napoca,Apartament 254
Description 255,2,42,2,Semidecomandat,Nou,380,1,1,1,Cluj,Cluj-Napoca,Apartament 255
Description 256,3,82,2,Semidecomandat,Vechi,600,2,1,1,Cluj,Cluj-Napoca,Apartament 256
Description 257,2,57,1,Semidecomandat,Vechi,330,1,0,1,Cluj,Cluj-Napoca,Apartament 257
Description 258,3,68,1,Decomandat,Vechi,350,1,1,1,Cluj,Cluj-Napoca,Apartament 258
Description 259,2,60,1,Decomandat,Vechi,340,1,0,1,Cluj,Cluj-Napoca,Apartament 259
Description 260,4,75,2,Decomandat,Vechi,460,1,1,1,Cluj,Cluj-Napoca,Apartament 260
Description 261,2,50,1,Semidecomandat,Vechi,490,1,1,1,Cluj,Cluj-Napoca,Apartament 261
Description 262,2,65,1,Semidecomandat,Vechi,330,1,0,1,Cluj,Cluj-Napoca,Apartament 262
Description 263,1,35,1,Semidecomandat,Vechi,170,1,0,1,Cluj,Cluj-Napoca,Apartament 263
Description 264,1,11,1,Semidecomandat,Vechi,175,1,0,1,Cluj,Cluj-Napoca,Apartament 264
Description 265,3,70,1,Semidecomandat,Nou,499,1,1,1,Cluj,Cluj-Napoca,Apartament 265
Description 266,3,96,2,Semidecomandat,Nou,950,2,2,1,Cluj,Cluj-Napoca,Apartament 266
Description 267,3,60,1,Semidecomandat,Nou,300,1,0,1,Cluj,Cluj-Napoca,Apartament 267
Description 268,2,40,1,Semidecomandat,Nou,275,1,0,1,Cluj,Cluj-Napoca,Apartament 268
Description 269,4,120,2,Semidecomandat,Vechi,450,1,1,1,Cluj,Cluj-Napoca,Apartament 269
Description 270,2,50,1,Semidecomandat,Vechi,400,1,1,1,Cluj,Cluj-Napoca,Apartament 270
Description 271,3,67,2,Decomandat,Vechi,380,1,1,1,Cluj,Cluj-Napoca,Apartament 271
Description 272,2,43,1,Semidecomandat,Nou,350,1,1,1,Cluj,Cluj-Napoca,Apartament 272
Description 273,3,110,2,Semidecomandat,Nou,600,2,1,1,Cluj,Cluj-Napoca,Apartament 273
Description 274,1,52,1,Decomandat,Vechi,380,1,1,1,Cluj,Cluj-Napoca,Apartament 274
Description 275,3,78,1,Semidecomandat,Vechi,400,1,1,1,Cluj,Cluj-Napoca,Apartament 275
Description 276,2,57,1,Decomandat,Vechi,350,1,1,1,Cluj,Cluj-Napoca,Apartament 276
Description 277,2,66,1,Decomandat,Vechi,550,1,1,1,Cluj,Cluj-Napoca,Apartament 277
Description 278,3,76,1,Decomandat,Vechi,450,2,1,1,Cluj,Cluj-Napoca,Apartament 278
Description 279,2,50,1,Semidecomandat,Vechi,550,1,1,1,Cluj,Cluj-Napoca,Apartament 279
Description 280,1,24,1,Semidecomandat,Vechi,220,1,0,1,Cluj,Cluj-Napoca,Apartament 280
Description 281,3,72,2,Semidecomandat,Vechi,475,2,1,1,Cluj,Cluj-Napoca,Apartament 281
Description 282,3,75,2,Decomandat,Nou,420,1,1,1,Cluj,Cluj-Napoca,Apartament 282
Description 283,1,30,1,Semidecomandat,Nou,350,1,1,1,Cluj,Cluj-Napoca,Apartament 283
Description 284,4,120,2,Semidecomandat,Nou,950,2,2,1,Cluj,Cluj-Napoca,Apartament 284
Description 285,2,70,1,Decomandat,Vechi,400,1,1,1,Cluj,Cluj-Napoca,Apartament 285
Description 286,2,55,1,Decomandat,Vechi,300,1,0,1,Cluj,Cluj-Napoca,Apartament 286
Description 287,2,57,1,Semidecomandat,Vechi,400,1,1,1,Cluj,Cluj-Napoca,Apartament 287
Description 288,3,60,1,Semidecomandat,Nou,280,1,0,1,Cluj,Cluj-Napoca,Apartament 288
Description 289,2,70,1,Semidecomandat,Vechi,400,1,1,1,Cluj,Cluj-Napoca,Apartament 289
Description 290,1,37,1,Decomandat,Nou,360,1,1,1,Cluj,Cluj-Napoca,Apartament 290
Description 291,3,65,1,Semidecomandat,Vechi,300,1,0,1,Cluj,Cluj-Napoca,Apartament 291
Description 292,4,91,2,Decomandat,Vechi,490,1,1,1,Cluj,Cluj-Napoca,Apartament 292
Description 293,2,42,1,Decomandat,Vechi,350,1,1,1,Cluj,Cluj-Napoca,Apartament 293
Description 294,2,65,1,Semidecomandat,Vechi,450,1,1,1,Cluj,Cluj-Napoca,Apartament 294
Description 295,2,56,1,Decomandat,Vechi,400,1,1,1,Cluj,Cluj-Napoca,Apartament 295
Description 296,2,64,1,Decomandat,Vechi,450,1,1,1,Cluj,Cluj-Napoca,Apartament 296
Description 297,3,75,2,Semidecomandat,Nou,830,1,2,1,Cluj,Cluj-Napoca,Apartament 297
Description 298,2,56,1,Decomandat,Vechi,350,2,1,1,Cluj,Cluj-Napoca,Apartament 298
Description 299,1,25,1,Semidecomandat,Vechi,200,1,0,1,Cluj,Cluj-Napoca,Apartament 299
Description 300,2,60,1,Decomandat,Nou,500,1,1,1,Cluj,Cluj-Napoca,Apartament 300
Description 301,3,75,2,Semidecomandat,Nou,700,2,2,1,Cluj,Cluj-Napoca,Apartament 301
Description 302,3,78,2,Semidecomandat,Vechi,300,2,0,1,Cluj,Cluj-Napoca,Apartament 302
Description 303,2,63,1,Decomandat,Vechi,350,1,1,1,Cluj,Cluj-Napoca,Apartament 303
Description 304,1,40,1,Decomandat,Nou,350,1,1,1,Cluj,Cluj-Napoca,Apartament 304
Description 305,2,46,1,Decomandat,Nou,370,1,1,1,Cluj,Cluj-Napoca,Apartament 305
Description 306,2,30,1,Semidecomandat,Nou,220,1,0,1,Cluj,Cluj-Napoca,Apartament 306
Description 307,2,53,1,Semidecomandat,Vechi,300,1,0,1,Cluj,Cluj-Napoca,Apartament 307
Description 308,2,50,1,Semidecomandat,Vechi,350,1,1,1,Cluj,Cluj-Napoca,Apartament 308
Description 309,2,73,1,Semidecomandat,Nou,550,2,1,1,Cluj,Cluj-Napoca,Apartament 309
Description 310,2,60,1,Semidecomandat,Vechi,350,1,1,1,Cluj,Cluj-Napoca,Apartament 310
Description 311,2,56,1,Decomandat,Nou,499,1,1,1,Cluj,Cluj-Napoca,Apartament 311
Description 312,1,32,1,Semidecomandat,Vechi,230,1,0,1,Cluj,Cluj-Napoca,Apartament 312
Description 313,2,52,1,Decomandat,Vechi,300,1,0,1,Cluj,Cluj-Napoca,Apartament 313
Description 314,3,71,2,Semidecomandat,Vechi,450,1,1,1,Cluj,Cluj-Napoca,Apartament 314
Description 315,1,30,1,Decomandat,Nou,200,1,0,1,Cluj,Cluj-Napoca,Apartament 315
Description 316,2,43,1,Semidecomandat,Vechi,250,1,0,1,Cluj,Cluj-Napoca,Apartament 316
Description 317,2,42,1,Decomandat,Vechi,300,1,0,1,Cluj,Cluj-Napoca,Apartament 317
Description 318,3,60,1,Decomandat,Nou,450,1,1,1,Cluj,Cluj-Napoca,Apartament 318
Description 319,2,60,1,Semidecomandat,Nou,699,2,1,1,Cluj,Cluj-Napoca,Apartament 319
Description 320,2,50,1,Semidecomandat,Nou,450,1,1,1,Cluj,Cluj-Napoca,Apartament 320
Description 321,1,30,1,Semidecomandat,Vechi,370,1,1,1,Cluj,Cluj-Napoca,Apartament 321
Description 322,2,60,1,Semidecomandat,Nou,650,1,1,1,Cluj,Cluj-Napoca,Apartament 322
Description 323,2,90,1,Semidecomandat,Nou,750,2,2,1,Cluj,Cluj-Napoca,Apartament 323
Description 324,2,55,1,Decomandat,Nou,600,2,1,1,Cluj,Cluj-Napoca,Apartament 324
Description 325,2,52,1,Semidecomandat,Vechi,370,1,1,1,Cluj,Cluj-Napoca,Apartament 325
Description 326,3,70,1,Semidecomandat,Vechi,450,1,1,1,Cluj,Cluj-Napoca,Apartament 326
Description 327,2,65,1,Decomandat,Vechi,350,1,1,1,Cluj,Cluj-Napoca,Apartament 327
Description 328,3,58,1,Decomandat,Nou,590,2,1,1,Cluj,Cluj-Napoca,Apartament 328
Description 329,2,50,1,Semidecomandat,Nou,330,1,0,1,Cluj,Cluj-Napoca,Apartament 329
Description 330,3,75,1,Decomandat,Vechi,400,2,1,1,Cluj,Cluj-Napoca,Apartament 330
Description 331,3,61,1,Semidecomandat,Vechi,350,1,1,1,Cluj,Cluj-Napoca,Apartament 331
Description 332,3,70,2,Semidecomandat,Vechi,550,1,1,1,Cluj,Cluj-Napoca,Apartament 332
Description 333,1,65,1,Semidecomandat,Vechi,350,1,1,1,Cluj,Cluj-Napoca,Apartament 333
Description 334,2,85,2,Decomandat,Nou,550,1,1,1,Cluj,Cluj-Napoca,Apartament 334
Description 335,1,22,1,Semidecomandat,Vechi,240,1,0,1,Cluj,Cluj-Napoca,Apartament 335
Description 336,2,50,1,Decomandat,Vechi,320,1,0,1,Cluj,Cluj-Napoca,Apartament 336
Description 337,2,54,1,Decomandat,Vechi,300,2,0,1,Cluj,Cluj-Napoca,Apartament 337
Description 338,2,50,1,Semidecomandat,Nou,450,1,1,1,Cluj,Cluj-Napoca,Apartament 338
Description 339,1,47,1,Decomandat,Vechi,300,1,0,1,Cluj,Cluj-Napoca,Apartament 339
Description 340,3,64,1,Decomandat,Vechi,300,1,0,1,Cluj,Cluj-Napoca,Apartament 340
Description 341,1,34,1,Semidecomandat,Vechi,220,1,0,1,Cluj,Cluj-Napoca,Apartament 341
Description 342,1,48,1,Decomandat,Nou,350,1,1,1,Cluj,Cluj-Napoca,Apartament 342
Description 343,3,70,1,Semidecomandat,Nou,475,2,1,1,Cluj,Cluj-Napoca,Apartament 343
Description 344,2,45,1,Decomandat,Vechi,200,1,0,1,Cluj,Cluj-Napoca,Apartament 344
Description 345,3,80,2,Semidecomandat,Nou,400,1,1,1,Cluj,Cluj-Napoca,Apartament 345
Description 346,4,100,2,Decomandat,Vechi,470,1,1,1,Cluj,Cluj-Napoca,Apartament 346
Description 347,1,40,1,Decomandat,Vechi,210,1,0,1,Cluj,Cluj-Napoca,Apartament 347
Description 348,3,65,1,Semidecomandat,Nou,400,1,1,1,Cluj,Cluj-Napoca,Apartament 348
Description 349,2,55,1,Semidecomandat,Nou,500,2,1,1,Cluj,Cluj-Napoca,Apartament 349
Description 350,2,52,1,Decomandat,Vechi,320,1,0,1,Cluj,Cluj-Napoca,Apartament 350
Description 351,2,50,1,Decomandat,Nou,450,1,1,1,Cluj,Cluj-Napoca,Apartament 351
Description 352,3,61,1,Semidecomandat,Nou,500,1,1,1,Cluj,Cluj-Napoca,Apartament 352
Description 353,3,57,1,Decomandat,Vechi,300,1,0,1,Cluj,Cluj-Napoca,Apartament 353
Description 354,2,54,1,Decomandat,Vechi,250,1,0,1,Cluj,Cluj-Napoca,Apartament 354
Description 355,1,30,1,Decomandat,Vechi,250,1,0,1,Cluj,Cluj-Napoca,Apartament 355
Description 356,4,150,1,Semidecomandat,Nou,500,1,1,1,Cluj,Cluj-Napoca,Apartament 356
Description 357,2,50,1,Semidecomandat,Vechi,430,1,1,1,Cluj,Cluj-Napoca,Apartament 357
Description 358,3,85,2,Decomandat,Nou,1100,3,2,1,Cluj,Cluj-Napoca,Apartament 358
Description 359,2,72,1,Decomandat,Vechi,400,1,1,1,Cluj,Cluj-Napoca,Apartament 359
Description 360,3,64,1,Semidecomandat,Vechi,600,2,1,1,Cluj,Cluj-Napoca,Apartament 360
Description 361,2,50,1,Semidecomandat,Nou,450,1,1,1,Cluj,Cluj-Napoca,Apartament 361
Description 362,2,50,1,Semidecomandat,Nou,400,1,1,1,Cluj,Cluj-Napoca,Apartament 362
Description 363,3,75,1,Decomandat,Nou,470,1,1,1,Cluj,Cluj-Napoca,Apartament 363
Description 364,2,60,1,Semidecomandat,Nou,540,2,1,1,Cluj,Cluj-Napoca,Apartament 364
Description 365,2,65,1,Semidecomandat,Nou,420,1,1,1,Cluj,Cluj-Napoca,Apartament 365
Description 366,3,72,2,Decomandat,Vechi,450,1,1,1,Cluj,Cluj-Napoca,Apartament 366
Description 367,2,58,1,Semidecomandat,Vechi,230,2,0,1,Cluj,Cluj-Napoca,Apartament 367
Description 368,2,45,1,Decomandat,Nou,220,1,0,1,Cluj,Cluj-Napoca,Apartament 368
Description 369,4,130,2,Semidecomandat,Nou,820,2,2,1,Cluj,Cluj-Napoca,Apartament 369
Description 370,2,46,1,Semidecomandat,Nou,550,2,1,1,Cluj,Cluj-Napoca,Apartament 370
Description 371,1,28,1,Decomandat,Vechi,200,1,0,1,Cluj,Cluj-Napoca,Apartament 371
Description 372,2,55,1,Semidecomandat,Nou,550,2,1,1,Cluj,Cluj-Napoca,Apartament 372
Description 373,1,30,1,Semidecomandat,Vechi,250,1,0,1,Cluj,Cluj-Napoca,Apartament 373
Description 374,3,65,1,Semidecomandat,Nou,490,1,1,1,Cluj,Cluj-Napoca,Apartament 374
Description 375,2,64,1,Semidecomandat,Vechi,330,1,0,1,Cluj,Cluj-Napoca,Apartament 375
Description 376,2,64,1,Decomandat,Vechi,570,2,1,1,Cluj,Cluj-Napoca,Apartament 376
Description 377,4,75,2,Decomandat,Vechi,450,2,1,1,Cluj,Cluj-Napoca,Apartament 377
Description 378,1,30,1,Semidecomandat,Nou,350,1,1,1,Cluj,Cluj-Napoca,Apartament 378
Description 379,2,57,1,Decomandat,Nou,520,1,1,1,Cluj,Cluj-Napoca,Apartament 379
Description 380,2,60,1,Decomandat,Nou,350,1,1,1,Cluj,Cluj-Napoca,Apartament 380
Description 381,1,48,1,Semidecomandat,Vechi,400,1,1,1,Cluj,Cluj-Napoca,Apartament 381
Description 382,3,78,1,Decomandat,Nou,430,2,1,1,Cluj,Cluj-Napoca,Apartament 382
Description 383,3,87,1,Decomandat,Vechi,390,1,1,1,Cluj,Cluj-Napoca,Apartament 383
Description 384,1,35,1,Decomandat,Vechi,250,1,0,1,Cluj,Cluj-Napoca,Apartament 384
Description 385,3,70,1,Semidecomandat,Vechi,360,2,1,1,Cluj,Cluj-Napoca,Apartament 385
Description 386,2,50,1,Semidecomandat,Vechi,350,1,1,1,Cluj,Cluj-Napoca,Apartament 386
Description 387,2,57,1,Decomandat,Nou,240,1,0,1,Cluj,Cluj-Napoca,Apartament 387
Description 388,2,54,1,Semidecomandat,Nou,370,1,1,1,Cluj,Cluj-Napoca,Apartament 388
Description 389,3,80,1,Decomandat,Vechi,400,2,1,1,Cluj,Cluj-Napoca,Apartament 389
Description 390,2,52,1,Decomandat,Nou,300,1,0,1,Cluj,Cluj-Napoca,Apartament 390
Description 391,3,77,1,Decomandat,Vechi,520,1,1,1,Cluj,Cluj-Napoca,Apartament 391
Description 392,2,60,1,Decomandat,Vechi,280,1,0,1,Cluj,Cluj-Napoca,Apartament 392
Description 393,2,54,1,Decomandat,Vechi,365,1,1,1,Cluj,Cluj-Napoca,Apartament 393
Description 394,1,22,1,Semidecomandat,Nou,190,1,0,1,Cluj,Cluj-Napoca,Apartament 394
Description 395,1,48,1,Decomandat,Nou,380,1,1,1,Cluj,Cluj-Napoca,Apartament 395
Description 396,1,25,1,Semidecomandat,Vechi,200,1,0,1,Cluj,Cluj-Napoca,Apartament 396
Description 397,2,60,1,Decomandat,Nou,499,1,1,1,Cluj,Cluj-Napoca,Apartament 397
Description 398,2,76,1,Decomandat,Vechi,400,1,1,1,Cluj,Cluj-Napoca,Apartament 398
Description 399,3,62,1,Semidecomandat,Vechi,400,1,1,1,Cluj,Cluj-Napoca,Apartament 399
Description 400,1,22,1,Decomandat,Vechi,220,1,0,1,Cluj,Cluj-Napoca,Apartament 400
Description 401,2,50,1,Semidecomandat,Vechi,350,2,1,1,Cluj,Cluj-Napoca,Apartament 401
Description 402,4,80,2,Decomandat,Nou,550,1,1,1,Cluj,Cluj-Napoca,Apartament 402
Description 403,3,70,2,Decomandat,Vechi,500,2,1,1,Cluj,Cluj-Napoca,Apartament 403
Description 404,2,65,1,Decomandat,Vechi,400,1,1,1,Cluj,Cluj-Napoca,Apartament 404
Description 405,2,56,1,Semidecomandat,Nou,499,1,1,1,Cluj,Cluj-Napoca,Apartament 405
Description 406,3,70,2,Decomandat,Nou,400,1,1,1,Cluj,Cluj-Napoca,Apartament 406
Description 407,3,81,2,Decomandat,Nou,650,1,1,1,Cluj,Cluj-Napoca,Apartament 407
Description 408,3,65,1,Semidecomandat,Nou,450,2,1,1,Cluj,Cluj-Napoca,Apartament 408
Description 409,3,65,1,Semidecomandat,Vechi,320,1,0,1,Cluj,Cluj-Napoca,Apartament 409
Description 410,2,51,1,Semidecomandat,Nou,500,1,1,1,Cluj,Cluj-Napoca,Apartament 410
Description 411,2,43,1,Decomandat,Vechi,350,1,1,1,Cluj,Cluj-Napoca,Apartament 411
Description 412,2,54,1,Semidecomandat,Nou,480,1,1,1,Cluj,Cluj-Napoca,Apartament 412
Description 413,2,55,1,Semidecomandat,Nou,400,1,1,1,Cluj,Cluj-Napoca,Apartament 413
Description 414,2,55,1,Decomandat,Nou,500,1,1,1,Cluj,Cluj-Napoca,Apartament 414
Description 415,1,32,1,Semidecomandat,Nou,200,1,0,1,Cluj,Cluj-Napoca,Apartament 415
Description 416,2,56,1,Decomandat,Vechi,350,1,1,1,Cluj,Cluj-Napoca,Apartament 416
Description 417,2,61,1,Semidecomandat,Vechi,430,1,1,1,Cluj,Cluj-Napoca,Apartament 417
Description 418,4,80,2,Semidecomandat,Vechi,400,1,1,1,Cluj,Cluj-Napoca,Apartament 418
Description 419,2,52,1,Semidecomandat,Vechi,330,1,0,1,Cluj,Cluj-Napoca,Apartament 419
Description 420,1,27,1,Semidecomandat,Nou,275,1,0,1,Cluj,Cluj-Napoca,Apartament 420
Description 421,2,45,1,Semidecomandat,Vechi,250,1,0,1,Cluj,Cluj-Napoca,Apartament 421
Description 422,2,43,1,Semidecomandat,Nou,400,1,1,1,Cluj,Cluj-Napoca,Apartament 422
Description 423,2,50,1,Decomandat,Nou,200,1,0,1,Cluj,Cluj-Napoca,Apartament 423
Description 424,2,44,1,Decomandat,Vechi,230,1,0,1,Cluj,Cluj-Napoca,Apartament 424
Description 425,2,50,1,Decomandat,Vechi,290,1,0,1,Cluj,Cluj-Napoca,Apartament 425
Description 426,1,35,1,Semidecomandat,Vechi,350,1,1,1,Cluj,Cluj-Napoca,Apartament 426
Description 427,3,93,1,Semidecomandat,Vechi,420,1,1,1,Cluj,Cluj-Napoca,Apartament 427
Description 428,3,63,1,Semidecomandat,Nou,600,2,1,1,Cluj,Cluj-Napoca,Apartament 428
Description 429,1,30,1,Decomandat,Vechi,250,1,0,1,Cluj,Cluj-Napoca,Apartament 429
Description 430,3,60,1,Decomandat,Vechi,350,1,1,1,Cluj,Cluj-Napoca,Apartament 430
Description 431,2,65,1,Semidecomandat,Nou,550,1,1,1,Cluj,Cluj-Napoca,Apartament 431
Description 432,2,55,1,Semidecomandat,Nou,380,1,1,1,Cluj,Cluj-Napoca,Apartament 432
Description 433,1,37,1,Decomandat,Vechi,280,1,0,1,Cluj,Cluj-Napoca,Apartament 433
Description 434,2,56,1,Semidecomandat,Nou,700,2,2,1,Cluj,Cluj-Napoca,Apartament 434
Description 435,2,53,1,Semidecomandat,Nou,500,2,1,1,Cluj,Cluj-Napoca,Apartament 435
Description 436,3,60,1,Decomandat,Nou,450,1,1,1,Cluj,Cluj-Napoca,Apartament 436
Description 437,4,105,2,Semidecomandat,Nou,1200,1,2,1,Cluj,Cluj-Napoca,Apartament 437
Description 438,2,61,1,Semidecomandat,Nou,420,2,1,1,Cluj,Cluj-Napoca,Apartament 438
Description 439,4,110,2,Semidecomandat,Nou,1500,2,3,1,Cluj,Cluj-Napoca,Apartament 439
Description 440,2,58,1,Decomandat,Nou,450,1,1,1,Cluj,Cluj-Napoca,Apartament 440
Description 441,3,56,1,Semidecomandat,Nou,330,1,0,1,Cluj,Cluj-Napoca,Apartament 441
Description 442,2,50,1,Decomandat,Nou,370,1,1,1,Cluj,Cluj-Napoca,Apartament 442
Description 443,2,41,1,Semidecomandat,Nou,530,2,1,1,Cluj,Cluj-Napoca,Apartament 443
Description 444,2,50,1,Decomandat,Vechi,390,1,1,1,Cluj,Cluj-Napoca,Apartament 444
Description 445,3,60,1,Semidecomandat,Vechi,400,1,1,1,Cluj,Cluj-Napoca,Apartament 445
Description 446,1,36,1,Decomandat,Vechi,320,1,0,1,Cluj,Cluj-Napoca,Apartament 446
Description 447,1,36,1,Decomandat,Vechi,200,1,0,1,Cluj,Cluj-Napoca,Apartament 447
Description 448,1,35,1,Decomandat,Nou,420,1,1,1,Cluj,Cluj-Napoca,Apartament 448
Description 449,2,60,1,Semidecomandat,Nou,600,1,1,1,Cluj,Cluj-Napoca,Apartament 449
Description 450,2,45,1,Semidecomandat,Vechi,450,1,1,1,Cluj,Cluj-Napoca,Apartament 450
Description 451,3,55,1,Semidecomandat,Nou,380,1,1,1,Cluj,Cluj-Napoca,Apartament 451
Description 452,1,30,1,Semidecomandat,Nou,400,1,1,1,Cluj,Cluj-Napoca,Apartament 452
Description 453,3,65,2,Semidecomandat,Nou,700,1,2,1,Cluj,Cluj-Napoca,Apartament 453
Description 454,2,48,1,Semidecomandat,Nou,450,1,1,1,Cluj,Cluj-Napoca,Apartament 454
Description 455,3,85,2,Semidecomandat,Nou,1350,2,2,1,Cluj,Cluj-Napoca,Apartament 455
Description 456,4,80,2,Decomandat,Vechi,450,1,1,1,Cluj,Cluj-Napoca,Apartament 456
Description 457,1,30,1,Decomandat,Vechi,250,1,0,1,Cluj,Cluj-Napoca,Apartament 457
Description 458,1,26,1,Decomandat,Vechi,250,1,0,1,Cluj,Cluj-Napoca,Apartament 458
Description 459,2,78,1,Semidecomandat,Nou,590,2,1,1,Cluj,Cluj-Napoca,Apartament 459
Description 460,2,45,1,Decomandat,Nou,220,1,0,1,Cluj,Cluj-Napoca,Apartament 460
Description 461,2,77,1,Decomandat,Nou,500,2,1,1,Cluj,Cluj-Napoca,Apartament 461
Description 462,2,40,1,Semidecomandat,Vechi,280,1,0,1,Cluj,Cluj-Napoca,Apartament 462
Description 463,2,41,1,Semidecomandat,Vechi,350,1,1,1,Cluj,Cluj-Napoca,Apartament 463
Description 464,1,45,1,Decomandat,Vechi,360,1,1,1,Cluj,Cluj-Napoca,Apartament 464
Description 465,2,65,1,Semidecomandat,Vechi,500,2,1,1,Cluj,Cluj-Napoca,Apartament 465
Description 466,2,47,1,Semidecomandat,Nou,350,1,1,1,Cluj,Cluj-Napoca,Apartament 466
Description 467,2,40,1,Semidecomandat,Vechi,280,1,0,1,Cluj,Cluj-Napoca,Apartament 467
Description 468,2,58,1,Decomandat,Nou,500,2,1,1,Cluj,Cluj-Napoca,Apartament 468
Description 469,2,47,1,Semidecomandat,Nou,410,1,1,1,Cluj,Cluj-Napoca,Apartament 469
Description 470,3,69,1,Decomandat,Vechi,280,1,0,1,Cluj,Cluj-Napoca,Apartament 470
Description 471,3,71,1,Semidecomandat,Nou,400,1,1,1,Cluj,Cluj-Napoca,Apartament 471
Description 472,2,67,1,Decomandat,Nou,500,1,1,1,Cluj,Cluj-Napoca,Apartament 472
Description 473,3,100,2,Semidecomandat,Nou,725,2,2,1,Cluj,Cluj-Napoca,Apartament 473
Description 474,2,64,1,Semidecomandat,Vechi,300,1,0,1,Cluj,Cluj-Napoca,Apartament 474
Description 475,2,60,1,Semidecomandat,Nou,460,1,1,1,Cluj,Cluj-Napoca,Apartament 475
Description 476,2,55,1,Semidecomandat,Vechi,550,1,1,1,Cluj,Cluj-Napoca,Apartament 476
Description 477,2,42,1,Semidecomandat,Vechi,230,1,0,1,Cluj,Cluj-Napoca,Apartament 477
Description 478,4,120,2,Semidecomandat,Nou,560,1,1,1,Cluj,Cluj-Napoca,Apartament 478
Description 479,2,56,1,Semidecomandat,Nou,650,1,1,1,Cluj,Cluj-Napoca,Apartament 479
Description 480,2,45,1,Decomandat,Nou,400,1,1,1,Cluj,Cluj-Napoca,Apartament 480
Description 481,1,29,1,Semidecomandat,Vechi,290,1,0,1,Cluj,Cluj-Napoca,Apartament 481
Description 482,2,57,1,Semidecomandat,Nou,275,2,0,1,Cluj,Cluj-Napoca,Apartament 482
Description 483,2,54,1,Semidecomandat,Nou,300,1,0,1,Cluj,Cluj-Napoca,Apartament 483
Description 484,2,70,1,Semidecomandat,Vechi,400,1,1,1,Cluj,Cluj-Napoca,Apartament 484
Description 485,4,68,1,Semidecomandat,Nou,370,1,1,1,Cluj,Cluj-Napoca,Apartament 485
Description 486,2,32,1,Semidecomandat,Vechi,220,1,0,1,Cluj,Cluj-Napoca,Apartament 486
Description 487,2,47,1,Semidecomandat,Vechi,450,1,1,1,Cluj,Cluj-Napoca,Apartament 487
Description 488,1,32,1,Semidecomandat,Nou,250,1,0,1,Cluj,Cluj-Napoca,Apartament 488
Description 489,3,85,2,Semidecomandat,Nou,600,1,1,1,Cluj,Cluj-Napoca,Apartament 489
Description 490,2,40,1,Semidecomandat,Vechi,250,1,0,1,Cluj,Cluj-Napoca,Apartament 490
Description 491,2,55,1,Decomandat,Vechi,230,1,0,1,Cluj,Cluj-Napoca,Apartament 491
Description 492,2,40,1,Semidecomandat,Nou,285,1,0,1,Cluj,Cluj-Napoca,Apartament 492
Description 493,3,72,1,Decomandat,Nou,599,1,1,1,Cluj,Cluj-Napoca,Apartament 493
Description 494,3,90,2,Semidecomandat,Nou,450,1,1,1,Cluj,Cluj-Napoca,Apartament 494
Description 495,3,72,1,Semidecomandat,Vechi,350,1,1,1,Cluj,Cluj-Napoca,Apartament 495
Description 496,3,67,2,Semidecomandat,Nou,550,1,1,1,Cluj,Cluj-Napoca,Apartament 496
Description 497,3,85,1,Semidecomandat,Vechi,430,1,1,1,Cluj,Cluj-Napoca,Apartament 497
Description 498,1,30,1,Semidecomandat,Vechi,400,1,1,1,Cluj,Cluj-Napoca,Apartament 498
Description 499,3,60,1,Semidecomandat,Vechi,380,1,1,1,Cluj,Cluj-Napoca,Apartament 499
Description 500,2,65,1,Decomandat,Nou,490,1,1,1,Cluj,Cluj-Napoca,Apartament 500
Description 501,3,134,2,Decomandat,Nou,650,2,1,1,Cluj,Cluj-Napoca,Apartament 501
Description 502,3,70,1,Semidecomandat,Nou,600,1,1,1,Cluj,Cluj-Napoca,Apartament 502
Description 503,1,40,1,Semidecomandat,Nou,230,1,0,1,Cluj,Cluj-Napoca,Apartament 503
Description 504,1,35,1,Decomandat,Nou,450,1,1,1,Cluj,Cluj-Napoca,Apartament 504
Description 505,2,45,1,Decomandat,Nou,500,1,1,1,Cluj,Cluj-Napoca,Apartament 505
Description 506,3,70,2,Decomandat,Nou,470,1,1,1,Cluj,Cluj-Napoca,Apartament 506
Description 507,3,65,1,Semidecomandat,Nou,550,1,1,1,Cluj,Cluj-Napoca,Apartament 507
Description 508,2,42,1,Semidecomandat,Nou,550,1,1,1,Cluj,Cluj-Napoca,Apartament 508
Description 509,2,40,1,Semidecomandat,Nou,530,1,1,1,Cluj,Cluj-Napoca,Apartament 509
Description 510,4,78,2,Decomandat,Vechi,340,1,0,1,Cluj,Cluj-Napoca,Apartament 510
Description 511,3,110,2,Decomandat,Nou,570,1,1,1,Cluj,Cluj-Napoca,Apartament 511
Description 512,1,32,1,Decomandat,Nou,300,1,0,1,Cluj,Cluj-Napoca,Apartament 512
Description 513,2,72,2,Decomandat,Nou,800,2,2,1,Cluj,Cluj-Napoca,Apartament 513
Description 514,3,90,1,Semidecomandat,Vechi,430,1,1,1,Cluj,Cluj-Napoca,Apartament 514
Description 515,2,64,1,Decomandat,Nou,400,1,1,1,Cluj,Cluj-Napoca,Apartament 515
Description 516,3,65,1,Semidecomandat,Nou,450,1,1,1,Cluj,Cluj-Napoca,Apartament 516
Description 517,1,30,1,Semidecomandat,Vechi,300,1,0,1,Cluj,Cluj-Napoca,Apartament 517
Description 518,2,45,1,Semidecomandat,Vechi,300,1,0,1,Cluj,Cluj-Napoca,Apartament 518
Description 519,2,50,1,Semidecomandat,Nou,380,1,1,1,Cluj,Cluj-Napoca,Apartament 519
Description 520,3,48,1,Semidecomandat,Nou,300,1,0,1,Cluj,Cluj-Napoca,Apartament 520
Description 521,2,100,1,Semidecomandat,Nou,750,1,2,1,Cluj,Cluj-Napoca,Apartament 521
Description 522,1,40,1,Decomandat,Vechi,300,1,0,1,Cluj,Cluj-Napoca,Apartament 522
Description 523,1,32,1,Semidecomandat,Nou,300,1,0,1,Cluj,Cluj-Napoca,Apartament 523
Description 524,1,24,1,Semidecomandat,Vechi,210,1,0,1,Cluj,Cluj-Napoca,Apartament 524
Description 525,2,65,1,Semidecomandat,Nou,440,1,1,1,Cluj,Cluj-Napoca,Apartament 525
Description 526,2,50,1,Decomandat,Nou,450,1,1,1,Cluj,Cluj-Napoca,Apartament 526
Description 527,3,58,1,Decomandat,Vechi,400,1,1,1,Cluj,Cluj-Napoca,Apartament 527
Description 528,2,55,1,Decomandat,Vechi,300,1,0,1,Cluj,Cluj-Napoca,Apartament 528
Description 529,3,65,2,Decomandat,Nou,450,1,1,1,Cluj,Cluj-Napoca,Apartament 529
Description 530,2,50,1,Decomandat,Nou,500,2,1,1,Cluj,Cluj-Napoca,Apartament 530
Description 531,3,78,1,Decomandat,Vechi,500,1,1,1,Cluj,Cluj-Napoca,Apartament 531
Description 532,1,28,1,Decomandat,Nou,200,1,0,1,Cluj,Cluj-Napoca,Apartament 532
Description 533,3,106,1,Decomandat,Vechi,400,2,1,1,Cluj,Cluj-Napoca,Apartament 533
Description 534,1,30,1,Decomandat,Vechi,210,1,0,1,Cluj,Cluj-Napoca,Apartament 534
Description 535,2,50,1,Semidecomandat,Nou,250,1,0,1,Cluj,Cluj-Napoca,Apartament 535
Description 536,3,70,2,Decomandat,Vechi,330,1,0,1,Cluj,Cluj-Napoca,Apartament 536
Description 537,3,64,2,Semidecomandat,Vechi,390,1,1,1,Cluj,Cluj-Napoca,Apartament 537
Description 538,2,52,1,Semidecomandat,Nou,230,1,0,1,Cluj,Cluj-Napoca,Apartament 538
Description 539,2,47,1,Decomandat,Nou,450,1,1,1,Cluj,Cluj-Napoca,Apartament 539
Description 540,2,52,1,Semidecomandat,Nou,800,1,2,1,Cluj,Cluj-Napoca,Apartament 540
Description 541,2,80,2,Semidecomandat,Nou,500,2,1,1,Cluj,Cluj-Napoca,Apartament 541
Description 542,1,30,1,Semidecomandat,Vechi,200,1,0,1,Cluj,Cluj-Napoca,Apartament 542
Description 543,2,65,1,Decomandat,Nou,550,2,1,1,Cluj,Cluj-Napoca,Apartament 543
Description 544,4,116,2,Semidecomandat,Nou,899,2,2,1,Cluj,Cluj-Napoca,Apartament 544
Description 545,3,66,2,Decomandat,Vechi,350,1,1,1,Cluj,Cluj-Napoca,Apartament 545
Description 546,3,70,2,Decomandat,Vechi,450,2,1,1,Cluj,Cluj-Napoca,Apartament 546
Description 547,2,46,1,Decomandat,Vechi,350,1,1,1,Cluj,Cluj-Napoca,Apartament 547
Description 548,2,56,1,Decomandat,Nou,300,1,0,1,Cluj,Cluj-Napoca,Apartament 548
Description 549,3,112,2,Decomandat,Nou,780,1,2,1,Cluj,Cluj-Napoca,Apartament 549
Description 550,2,41,1,Semidecomandat,Vechi,200,2,0,1,Cluj,Cluj-Napoca,Apartament 550
Description 551,2,60,1,Semidecomandat,Nou,700,1,2,1,Cluj,Cluj-Napoca,Apartament 551
Description 552,2,50,1,Decomandat,Vechi,350,1,1,1,Cluj,Cluj-Napoca,Apartament 552
Description 553,1,52,1,Decomandat,Vechi,370,1,1,1,Cluj,Cluj-Napoca,Apartament 553
Description 554,3,72,1,Semidecomandat,Vechi,450,1,1,1,Cluj,Cluj-Napoca,Apartament 554
Description 555,2,60,1,Decomandat,Nou,599,1,1,1,Cluj,Cluj-Napoca,Apartament 555
Description 556,3,67,1,Decomandat,Vechi,400,1,1,1,Cluj,Cluj-Napoca,Apartament 556
Description 557,2,56,1,Decomandat,Vechi,350,1,1,1,Cluj,Cluj-Napoca,Apartament 557
Description 558,2,60,1,Semidecomandat,Vechi,700,2,2,1,Cluj,Cluj-Napoca,Apartament 558
Description 559,2,60,1,Decomandat,Vechi,420,1,1,1,Cluj,Cluj-Napoca,Apartament 559
Description 560,3,80,2,Semidecomandat,Nou,750,1,2,1,Cluj,Cluj-Napoca,Apartament 560
Description 561,2,52,1,Decomandat,Nou,220,2,0,1,Cluj,Cluj-Napoca,Apartament 561
Description 562,2,50,1,Semidecomandat,Vechi,470,1,1,1,Cluj,Cluj-Napoca,Apartament 562
Description 563,2,70,1,Decomandat,Vechi,430,1,1,1,Cluj,Cluj-Napoca,Apartament 563
Description 564,2,52,1,Decomandat,Vechi,370,1,1,1,Cluj,Cluj-Napoca,Apartament 564
Description 565,3,63,2,Decomandat,Vechi,400,1,1,1,Cluj,Cluj-Napoca,Apartament 565
Description 566,6,145,2,Semidecomandat,Nou,1500,1,3,1,Cluj,Cluj-Napoca,Apartament 566
Description 567,4,80,2,Decomandat,Vechi,500,1,1,1,Cluj,Cluj-Napoca,Apartament 567
Description 568,2,60,1,Decomandat,Vechi,300,1,0,1,Cluj,Cluj-Napoca,Apartament 568
Description 569,1,30,1,Semidecomandat,Nou,180,1,0,1,Cluj,Cluj-Napoca,Apartament 569
Description 570,2,70,1,Decomandat,Vechi,420,1,1,1,Cluj,Cluj-Napoca,Apartament 570
Description 571,2,70,1,Semidecomandat,Nou,699,2,1,1,Cluj,Cluj-Napoca,Apartament 571
Description 572,1,30,1,Semidecomandat,Nou,300,1,0,1,Cluj,Cluj-Napoca,Apartament 572
Description 573,2,60,1,Semidecomandat,Nou,650,1,1,1,Cluj,Cluj-Napoca,Apartament 573
Description 574,3,71,1,Semidecomandat,Vechi,380,1,1,1,Cluj,Cluj-Napoca,Apartament 574
Description 575,2,60,1,Decomandat,Vechi,300,2,0,1,Cluj,Cluj-Napoca,Apartament 575
Description 576,1,28,1,Decomandat,Nou,320,1,0,1,Cluj,Cluj-Napoca,Apartament 576
Description 577,2,45,1,Semidecomandat,Nou,330,1,0,1,Cluj,Cluj-Napoca,Apartament 577
Description 578,2,60,2,Decomandat,Nou,500,1,1,1,Cluj,Cluj-Napoca,Apartament 578
Description 579,2,50,1,Decomandat,Nou,170,1,0,1,Cluj,Cluj-Napoca,Apartament 579
Description 580,2,50,1,Decomandat,Vechi,350,1,1,1,Cluj,Cluj-Napoca,Apartament 580
Description 581,2,52,1,Decomandat,Nou,400,1,1,1,Cluj,Cluj-Napoca,Apartament 581
Description 582,3,65,1,Semidecomandat,Vechi,370,1,1,1,Cluj,Cluj-Napoca,Apartament 582
Description 583,2,50,1,Semidecomandat,Vechi,450,1,1,1,Cluj,Cluj-Napoca,Apartament 583
Description 584,3,67,2,Semidecomandat,Vechi,430,1,1,1,Cluj,Cluj-Napoca,Apartament 584
Description 585,2,53,1,Semidecomandat,Nou,550,1,1,1,Cluj,Cluj-Napoca,Apartament 585
Description 586,2,55,1,Semidecomandat,Nou,650,1,1,1,Cluj,Cluj-Napoca,Apartament 586
Description 587,3,75,2,Decomandat,Vechi,500,2,1,1,Cluj,Cluj-Napoca,Apartament 587
Description 588,2,80,2,Decomandat,Vechi,400,1,1,1,Cluj,Cluj-Napoca,Apartament 588
Description 589,2,68,1,Semidecomandat,Nou,600,2,1,1,Cluj,Cluj-Napoca,Apartament 589
Description 590,1,45,1,Decomandat,Nou,400,1,1,1,Cluj,Cluj-Napoca,Apartament 590
Description 591,3,110,2,Semidecomandat,Nou,550,2,1,1,Cluj,Cluj-Napoca,Apartament 591
Description 592,1,50,1,Semidecomandat,Vechi,450,1,1,1,Cluj,Cluj-Napoca,Apartament 592
Description 593,4,115,2,Semidecomandat,Nou,480,1,1,1,Cluj,Cluj-Napoca,Apartament 593
Description 594,2,60,1,Semidecomandat,Vechi,410,1,1,1,Cluj,Cluj-Napoca,Apartament 594
